{"Train": {"Loss": 1.6188920868767633}, "Test": {"Loss": 1.5980067253112793}, "Other": {}, "_timestamp": 1715903975.463658, "_runtime": 11.906980991363525, "_step": 9, "_wandb": {"runtime": 11}}