{"Train": {"Loss": 4467566656490.648}, "Test": {"Loss": 196325261312.0}, "Other": {}, "_timestamp": 1715887082.975842, "_runtime": 14.613358974456787, "_step": 9, "_wandb": {"runtime": 14}}