{"Train": {"Loss": 1.249444391992357}, "Test": {"Loss": 1.210385799407959}, "Other": {}, "_timestamp": 1715901188.3807669, "_runtime": 12.906105756759644, "_step": 9, "_wandb": {"runtime": 12}}