{"_runtime": 29.96110987663269, "_timestamp": 1715904103.7926688, "Test": {"Loss": 1.4975916147232056}, "Other": {}, "Train": {"Loss": 1.5298745367262099}, "_step": 29, "_wandb": {"runtime": 28}}