{"Test": {"Loss": 1.0082309246063232}, "Other": {}, "Train": {"Loss": 1.032030118836297}, "_step": 99, "_runtime": 99.03493309020996, "_timestamp": 1715901421.299396, "_wandb": {"runtime": 102}}