{"Train": {"Loss": 4489372445702.717}, "Test": {"Loss": 73164000.0}, "Other": {}, "_timestamp": 1715900676.345837, "_runtime": 12.338846206665039, "_step": 1, "_wandb": {"runtime": 13}}