{"Train": {"Loss": 1.032030118836297}, "Test": {"Loss": 1.0082309246063232}, "Other": {}, "_timestamp": 1715901421.299396, "_runtime": 99.03493309020996, "_step": 99, "_wandb": {"runtime": 98}}