{"Train": {"Loss": 4489380323383.474}, "Test": {"Loss": 119578.3828125}, "Other": {}, "_timestamp": 1715900928.413101, "_runtime": 14.607738971710205, "_step": 9, "_wandb": {"runtime": 14}}