{"Train": {"Loss": 22740481546.9375}, "Test": {"Loss": 40199761428480.0}, "Other": {}, "_timestamp": 1715900723.890786, "_runtime": 12.853746891021729, "_step": 9, "_wandb": {"runtime": 12}}