{"Train": {"Loss": 4489380548711.449}, "Test": {"Loss": 235723.296875}, "Other": {}, "_timestamp": 1715900630.217361, "_runtime": 15.156955003738403, "_step": 0, "_wandb": {"runtime": 15}}