{"Train": {"Loss": 4489380513967.047}, "Test": {"Loss": 550692.4375}, "Other": {}, "_timestamp": 1715892275.5045178, "_runtime": 14.648448705673218, "_step": 9, "_wandb": {"runtime": 14}}