{"Train": {"Loss": 1.3480100101894803}, "Test": {"Loss": 1.3508563041687012}, "Other": {}, "_timestamp": 1715901304.942111, "_runtime": 30.782655954360962, "_step": 29, "_wandb": {"runtime": 30}}